<?xml version="1.0" encoding="UTF-8"?>
<beans xmlns="http://www.springframework.org/schema/beans"
	xmlns:xsi="http://www.w3.org/2001/XMLSchema-instance"
	xmlns:context="http://www.springframework.org/schema/context"
	xsi:schemaLocation="http://www.springframework.org/schema/beans http://www.springframework.org/schema/beans/spring-beans-4.3.xsd
		http://www.springframework.org/schema/context http://www.springframework.org/schema/context/spring-context-4.3.xsd">

	<bean id = "st" name = "b1" class = "StudentOne">
		<!-- <constructor-arg name = "name" value = "Jack"/>
		<constructor-arg name = "country" value ="India"/> -->
	
		<property name="name" value = "Egiants"></property>
		<property name="country" value = "USA"></property> 
	</bean>

	<bean id = "sessionFactory" class = "org.springframework.orm.hibernate4.LocalSessionFactoryBean">
			<property name="configLocation" value = "hibernate.cfg.xml"></property>
	</bean>
	
	<bean id = "hibernateTemplate" class = "org.springframework.orm.hibernate5.HibernateTemplate">
		<property name="sessionFactory" ref = "sessionFactory" />
	
	</bean>
	
	



</beans>
